,Id,ObsId,Exp. (ks),Date,T_90,RA (deg),Dec (deg),Off. Ang.,Pos. Unc.,S/N
1,XRTC 000222,344,47.4,2000-02-21 - 2000-02-22,43.4 +0.6 -0.5,40.66962,-0.01274,0.6,0.02,523.8
2,XRTC 000209,805,40.8,2000-02-08 - 2000-02-09,13.3 +1.1 -1.2,142.94319,55.19166,18.9,1.12,18.0
3,XRTC 001021,894,39.4,2000-10-20 - 2000-10-21,35.8 +1.4 -1.3,258.02855,64.14214,6.0,0.24,66.5
4,XRTC 000611,926,44.2,2000-06-11,39.3 +3.6 -3.0,152.67783,-12.87157,13.2,1.34,20.3
5,XRTC 001009,1047,32.2,2000-10-09,29.2 +2.0 -1.4,255.86135,51.95720,12.7,1.17,31.5
6,XRTC 000203,1520,23.7,2000-02-03,21.0 +1.6 -1.7,154.84019,41.34584,15.4,2.11,18.7
7,XRTC 000203,1520,23.7,2000-02-03,21.1 +1.6 -1.5,154.71636,41.25359,14.5,1.91,17.6
8,XRTC 000614,1711,27.1,2000-06-14,25.3 +0.9 -1.0,187.12791,1.69688,24.4,3.42,6.9
9,XRTC 000614,1712,27.4,2000-06-14,25.0 +1.0 -1.0,187.27452,2.04868,0.4,0.00,72.8
10,XRTC 000614,1712,27.4,2000-06-14,24.2 +1.0 -1.1,187.27417,2.04826,0.4,0.06,70.2
11,XRTC 020115,2253,47.4,2002-01-14 - 2002-01-15,41.9 +2.2 -3.5,187.20522,75.58803,9.7,0.68,41.2
12,XRTC 021002,3265,17.9,2002-10-02,16.2 +1.3 -0.8,29.95563,-8.83288,2.2,0.14,78.0
13,XRTC 030120,4396,164.6,2003-01-18 - 2003-01-20,45.2 +20.4 -44.4,83.84385,-5.33084,4.1,0.15,44.9
14,XRTC 030812,4449,18.2,2003-08-11 - 2003-08-12,15.8 +2.3 -1.0,22.53429,21.81805,4.7,0.40,35.7
15,XRTC 041023,4970,98.8,2004-10-22 - 2004-10-23,87.5 +2.0 -2.7,139.50595,-11.76927,18.5,1.44,8.0
16,XRTC 040802,5353,36.6,2004-08-01 - 2004-08-02,32.7 +2.0 -1.8,329.35219,-4.68083,12.6,1.54,17.7
17,XRTC 040802,5353,36.6,2004-08-01 - 2004-08-02,34.7 +3.0 -1.2,329.41304,-4.69677,15.6,2.61,7.3
18,XRTC 050903,5757,59.0,2005-09-02 - 2005-09-03,53.9 +3.5 -3.9,180.82716,57.80398,6.3,0.29,80.9
19,XRTC 051023,5800,44.5,2005-10-22 - 2005-10-23,41.1 +1.8 -1.5,64.86444,2.55921,4.0,0.13,151.9
20,XRTC 060903,6830,94.4,2006-09-02 - 2006-09-03,86.8 +3.8 -3.4,14.73732,26.95390,9.0,0.40,55.2
21,XRTC 060514,6859,14.8,2006-05-14,12.2 +1.9 -1.1,242.97912,52.46081,2.0,0.14,38.1
22,XRTC 060519,7191,69.2,2006-05-19,63.9 +3.1 -4.1,61.16424,-41.03927,5.7,0.20,83.5
23,XRTC 070910,7801,14.6,2007-09-10,12.9 +1.0 -1.1,24.92968,-10.50559,12.6,1.90,13.6
24,XRTC 061230,8500,21.8,2006-12-30,15.0 +0.8 -1.2,130.24038,32.61128,11.2,2.24,7.8
25,XRTC 090108,10303,59.5,2009-01-08,55.0 +2.0 -3.0,103.95847,54.41777,16.8,1.43,15.7
26,XRTC 090323,10326,10.0,2009-03-23,8.8 +0.9 -0.5,141.68290,2.55548,3.3,0.25,41.3
27,XRTC 090815,10351,14.8,2009-08-15,12.9 +2.3 -0.8,351.69291,9.89682,15.2,4.02,6.5
28,XRTC 090826,11029,34.2,2009-08-26,31.7 +0.9 -0.7,322.49172,12.16696,0.0,0.04,274.5
29,XRTC 090826,11029,34.2,2009-08-26,31.2 +0.8 -0.7,322.49227,12.16803,0.1,0.05,283.0
30,XRTC 100320,11674,14.8,2010-03-20,13.3 +1.1 -1.1,199.36469,-16.79776,11.9,1.13,40.0
31,XRTC 090903,11744,69.1,2009-09-03,63.7 +2.8 -2.5,355.81474,-55.38966,2.4,0.06,197.9
32,XRTC 110501,12317,78.5,2011-04-30 - 2011-05-01,72.7 +4.0 -3.1,191.87038,-2.23492,4.5,0.12,97.6
33,XRTC 100810,13020,41.5,2010-08-10,37.2 +3.0 -2.3,239.06231,66.34653,3.2,0.19,64.1
34,XRTC 120812,13471,55.2,2012-08-11 - 2012-08-12,50.6 +2.6 -2.6,3.67566,-49.88649,3.9,0.09,141.1
35,XRTC 121114,13733,18.8,2012-11-14,15.7 +0.6 -0.5,283.77740,-22.70123,0.3,0.04,284.7
36,XRTC 120210,13956,20.1,2012-02-10,17.7 +1.6 -1.6,133.35603,50.54639,10.3,2.41,7.7
37,XRTC 131208,15720,27.6,2013-12-08,25.8 +1.2 -0.7,189.30803,-41.03530,13.1,1.35,35.7
38,XRTC 131208,15720,27.6,2013-12-08,24.7 +2.4 -1.5,189.30326,-40.85130,2.2,0.14,38.4
39,XRTC 140607,16024,29.6,2014-06-07,26.6 +2.3 -1.7,204.24157,-29.85993,0.5,0.08,75.6
40,XRTC 140925,16046,11.9,2014-09-25,9.8 +1.9 -0.5,17.60692,31.74725,2.8,0.13,46.6
41,XRTC 150928,16449,24.6,2015-09-28,22.2 +0.3 -0.3,84.44676,-69.17207,6.8,0.08,377.8
42,XRTC 160610,16745,45.4,2016-06-09 - 2016-06-10,41.5 +3.9 -2.3,64.37744,-62.78640,0.2,0.09,36.9
43,XRTC 151207,17036,12.9,2015-12-07,10.7 +2.0 -2.8,132.85745,39.59486,0.3,0.14,34.9
44,XRTC 150711,17308,44.8,2015-07-10 - 2015-07-11,40.2 +1.7 -1.9,34.02208,-5.27619,20.0,2.10,9.3
45,XRTC 160328,18297,11.9,2016-03-28,10.0 +0.9 -0.4,186.58560,-49.20328,6.7,0.46,44.6
46,XRTC 160629,18454,49.5,2016-06-29,45.1 +0.7 -0.9,287.51061,-63.83472,2.0,0.03,975.9
47,XRTC 170404,18901,59.4,2017-04-04,53.7 +1.5 -2.8,182.01652,-38.96964,3.8,0.08,255.7
48,XRTC 180114,19515,32.6,2018-01-13 - 2018-01-14,29.7 +2.5 -1.5,150.50757,45.31461,10.0,1.20,21.9
49,XRTC 190213,20617,23.8,2019-02-12 - 2019-02-13,21.9 +5.2 -1.9,4.62894,44.02895,0.8,0.14,37.9
50,XRTC 180825,21676,65.5,2018-08-24 - 2018-08-25,59.4 +3.3 -3.6,349.04590,-42.58517,0.1,0.09,99.0
51,XRTC 210705,22475,22.4,2021-07-05,13.6 +5.8 -3.1,110.91872,80.27623,11.2,2.59,6.6
52,XRTC 210605,23377,28.6,2021-06-05,26.6 +1.0 -0.8,45.46007,-16.59322,0.4,0.05,440.3
53,XRTC 210221,23485,32.2,2021-02-21,29.1 +1.7 -1.1,187.62640,41.64835,2.9,0.13,59.4
54,XRTC 211129,23580,29.7,2021-11-29,26.1 +1.8 -1.8,170.24664,39.17189,3.8,0.18,80.2
55,XRTC 230101,25212,13.1,2023-01-01,11.8 +1.2 -0.6,228.92389,-19.36898,6.0,0.51,41.5
56,XRTC 221220,25452,12.8,2022-12-20,7.1 +1.6 -4.4,333.81844,37.12188,11.5,2.60,9.8
57,XRTC 221104,26643,18.8,2022-11-04,17.4 +1.4 -0.7,50.04502,8.74877,0.2,0.13,56.6
58,XRTC 221225,27611,19.8,2022-12-24 - 2022-12-25,17.4 +1.6 -1.7,184.73933,11.12729,0.6,0.07,212.8
59,XRTC 240316,29320,10.9,2024-03-16,5.3 +2.4 -1.0,169.58073,0.50314,6.3,1.06,5.9
