ObsId,RA,DEC,THETA,POS_ERR,SIGNIFICANCE,gaia_match,archival_match,chandra_match,erosita_match,ned_match,simbad_match,vizier_match,xray-binaries_match
12317,191.86629127839916,-2.1568809851102073,0.640331766174319,0.060769189099262676,33.19414138793945,no,no,no,no,no,no,no,no
635,246.91221778940647,-24.672350038225943,7.551974146940368,0.15832031317536296,85.25835418701172,no,yes,no,no,no,no,yes,no
635,246.86674810941201,-24.65933077846842,5.587595551524657,0.017584904076087638,1074.9595947265625,no,no,no,no,no,no,no,no
635,246.86033020859165,-24.656433189624366,5.294634774971216,0.08134270131302454,76.81267547607422,no,yes,no,no,no,no,yes,no
635,246.81440886642326,-24.444509008669254,7.789956307755419,0.12238526567296847,134.460693359375,no,no,no,no,no,no,no,no
635,246.5935411772677,-24.381389778187213,17.16034451805078,0.24452987500549184,139.50697326660156,no,yes,no,no,no,no,no,no
635,246.7389225643041,-24.594092229970094,4.898983437986688,0.23150542686222664,9.515366554260254,no,yes,no,no,no,no,yes,no
635,246.86221155825044,-24.680795776560288,6.711100806398803,0.05270374166956951,311.5278015136719,no,yes,no,no,no,no,no,no
635,246.79882236306955,-24.64227557228557,4.359843716394651,0.08843831499898593,60.571510314941406,no,yes,no,no,no,no,yes,no
635,246.86277346377747,-24.53831363737394,2.933757543031453,0.03032684875721539,315.59600830078125,no,no,no,no,no,no,no,no
635,246.81619614923636,-24.645444505474554,4.324302793334405,0.051184073578586044,272.15899658203125,no,no,no,no,no,no,no,no
635,246.79641714614945,-24.67957530991538,6.540585850118776,0.2811102719261497,27.00926399230957,no,yes,no,no,no,no,yes,no
637,246.66861815713546,-24.45401915402044,4.144764902310921,0.10542355726308542,52.327518463134766,no,no,no,no,no,no,yes,no
637,246.60018452904663,-24.413389468964983,3.001503653572425,0.01929227061330983,484.9203186035156,yes,yes,no,no,no,no,no,no
637,246.61434496666567,-24.40499334499369,2.079244965675024,0.10797012148359901,10.457764625549316,no,no,no,no,no,no,no,no
637,246.76900700639217,-24.45428679984923,7.755212574239395,0.06981823700641188,328.71099853515625,no,no,no,no,no,no,yes,no
637,246.77485356448054,-24.438478406537044,7.603971749865671,0.3009502641313278,31.981027603149414,no,yes,yes,no,no,no,yes,no
637,246.76242179264815,-24.437513116478012,6.96189387028048,0.5231208137729013,9.024821281433105,no,yes,yes,no,no,no,yes,no
17249,246.6785314654053,-24.34186812214503,3.805527516470809,0.023802983137335827,552.2943115234375,yes,no,no,no,no,no,no,no
17249,246.76256086805472,-24.437694132436043,6.307596841106472,0.32510981928218,19.812671661376953,no,yes,yes,no,no,no,no,no
17249,246.57866047708194,-24.47237079366589,5.935028395933473,0.06523259545558743,235.8979949951172,yes,no,no,no,no,no,no,no
17249,246.6271766985138,-24.382711987502585,1.852668944107992,0.07105601057165666,59.15084457397461,no,no,no,no,no,no,no,no
18928,33.71962885971864,89.21442505195623,4.770022349265849,0.26377808127277136,13.586315155029297,yes,no,no,no,no,no,no,no
7458,246.7784258922126,-25.96469478132438,4.945701634655764,0.2840239761720177,15.419992446899414,yes,no,no,no,no,no,yes,no
7607,171.88603809117976,56.88492190784222,0.2206871458339324,0.12673615314387285,6.942936420440674,no,no,yes,no,no,no,no,no
10875,187.06527190133343,44.0936031982952,1.509790211787304,0.10645639614663696,11.49653148651123,yes,no,yes,no,no,no,no,yes
10875,187.04671478807748,44.11074048161843,0.2558550447799051,0.018331681798992805,182.7206268310547,no,no,no,no,no,no,no,no
12301,148.786765393384,68.95618697381816,3.954106349311388,0.17625130180136692,20.312955856323242,yes,yes,no,no,no,no,no,yes
12301,148.88870097241772,68.96562726990831,3.233812968080242,0.21192974956328775,7.097710609436035,no,no,no,no,no,no,no,no
782,67.70054452798044,64.84738131633362,1.255696225567594,0.013803253472076565,271.81329345703125,yes,yes,no,no,no,no,no,no
782,67.83772094825066,64.84154235953292,2.917828805557602,0.12135755825502809,15.828291893005371,yes,no,no,no,no,no,no,no
934,210.8748467254815,54.37466060898801,3.287363375990512,0.05014056356066287,97.49684143066406,no,no,yes,no,no,no,no,yes
2025,167.86794009301224,55.672527887945414,2.408370914030117,0.09718248253236364,19.887924194335938,no,no,no,no,no,no,no,yes
2941,195.3415993364854,27.83795735540841,3.269501717558359,0.0916554254883783,15.355380058288574,yes,no,no,no,no,no,no,no
4732,210.900068867643,54.32355254894945,6.246087321360051,0.16469487695694762,49.7792854309082,no,yes,yes,no,no,no,no,yes
4732,210.62459428585458,54.35522432771228,4.611885629035505,0.03466073831736588,542.8106689453125,yes,yes,yes,no,no,no,no,no
5322,210.89991841556554,54.32349787981536,6.147832368936966,0.19504000984988498,41.82636260986328,no,yes,yes,no,no,no,no,yes
6114,210.80950675151803,54.30171415398854,1.29608960044437,0.075497093324436,19.84343147277832,no,yes,yes,no,no,no,no,no
6114,210.9000438452397,54.32352379334238,2.137878921882784,0.03789618438633455,89.53699493408203,no,no,yes,no,no,no,no,no
7069,56.61430962707143,68.06964363567636,4.286870498540711,0.06901744957773923,104.44119262695312,no,yes,yes,no,no,no,no,yes
7073,161.90915343982198,12.55214186609823,4.358560884557099,0.06062595325828832,129.22633361816406,no,no,no,no,yes,no,no,no
7080,184.79840955558012,29.20026681737885,12.11540350414988,0.19459518600961356,104.51766204833984,yes,no,no,no,yes,no,yes,no
9533,189.93843412099602,-11.646983570415117,5.554059544307791,0.02867368555388176,489.5903625488281,yes,no,no,no,no,no,no,no
10542,149.25050213067678,69.57207114562992,9.856690658907942,0.1585289123309633,112.18182373046875,yes,yes,yes,no,yes,no,yes,no
12951,225.31366365505602,1.7972846638533255,3.674619841783884,0.1857633784395902,16.626035690307617,yes,no,no,no,yes,no,yes,no
12995,204.25681349875035,-29.857809624742984,1.44570091613265,0.02513234119515391,106.4969711303711,yes,yes,no,no,no,no,no,no
13202,204.19090914845327,-29.830589664397138,3.822626484949254,0.1851827077294471,11.001904487609863,no,no,no,no,no,no,yes,yes
13812,202.44213962528724,47.178456250271985,2.33488614301698,0.01897483354287128,323.5163879394531,no,no,no,no,no,no,no,no
13813,202.44220947124563,47.17843997828299,2.361460574601052,0.02039934090027542,252.84051513671875,no,yes,no,no,no,no,no,no
13813,202.41666435363896,47.21028981668627,3.873702558092737,0.027690711802391396,309.9554748535156,no,no,no,no,no,no,no,no
13813,202.51805228694306,47.22248621151024,2.686831339853229,0.06964608662906359,16.291053771972656,no,yes,no,no,no,no,no,no
13813,202.41452190058578,47.212160548337025,4.004457292485685,0.03739804965306047,216.192138671875,no,no,no,no,no,no,no,no
13814,202.44226084434757,47.178419787084515,2.660455633416397,0.027601785280353886,164.49539184570312,no,no,no,no,no,no,no,no
13814,202.41666526366726,47.21026094683014,4.122419269674158,0.0350563230367367,251.93121337890625,no,no,no,no,no,no,no,no
13814,202.51804244499994,47.2224565077367,2.582838841281595,0.019676885511017945,270.2528381347656,no,no,no,no,no,no,no,no
13815,202.43049778359074,47.19304040149377,3.250570012974132,0.04444503589362041,133.271728515625,yes,no,no,no,no,no,no,no
13816,202.5187368221136,47.16374175636814,1.092774767893339,0.07447231551669138,29.159337997436523,yes,no,yes,no,no,no,no,yes
3013,170.78498744499214,1.6453991785099755,3.553632798346576,0.19139538950024002,11.38365650177002,no,no,no,no,no,no,yes,no
3482,216.4463230240096,35.66523287981392,4.508939514929232,0.059283761057501855,122.75537109375,yes,no,yes,no,no,no,yes,no
4908,153.94286749125274,-33.58387410496785,7.299962716870687,0.5910750511173872,11.614021301269531,yes,yes,no,no,no,no,yes,no
6792,221.89159207424976,9.334199106107343,5.976487513396306,0.4267067913265318,9.664977073669434,no,no,no,no,no,no,no,no
8490,201.24334997451078,-43.04058362089512,3.782233480541346,0.18944898660358345,9.574898719787598,no,no,no,no,no,no,no,yes
8490,201.4437514172914,-43.1606218936261,8.152011791795312,0.2369697493048672,48.01696014404297,yes,yes,yes,no,no,no,yes,yes
11390,201.86078308010119,-42.61085105533608,3.769425339289945,0.18073727637334572,12.667719841003418,yes,no,no,no,no,no,yes,no
11688,129.85586636745046,29.888774789103273,8.643227750552882,0.2637264766759584,50.744449615478516,yes,yes,yes,no,no,no,no,no
16093,233.73480744808168,23.468395083131767,2.197180864536183,0.16527628384004028,9.558987617492676,no,no,no,no,no,no,no,no
16093,233.8270443559466,23.518031411384207,4.757846097215071,0.2665681299427495,4.541407108306885,yes,no,no,no,no,no,no,no
20794,201.23400769693106,-43.04999046162684,6.060690995219363,0.2654194082536676,15.759751319885254,yes,no,yes,no,no,no,yes,yes
21047,162.15128502042435,-25.161294090963526,2.999073936293094,0.13926728977083727,16.065271377563477,yes,no,yes,no,no,no,no,no
900,230.4653878821838,7.780807089814344,2.041739805199698,0.05794123023324799,33.04140090942383,yes,no,no,no,yes,no,no,no
2207,234.99141858977956,66.23065992724318,5.084760677896753,0.2592833764152984,15.3465576171875,yes,no,no,no,no,no,no,no
2227,137.69049839050024,54.339231613670314,0.999242287255665,0.10285518420997392,25.924474716186523,yes,no,no,no,no,no,no,no
4199,109.10823293996742,47.13092292120017,4.072751539716783,0.17034688529794384,28.862590789794922,yes,no,no,no,no,no,no,no
5807,229.1188130296488,7.04492770442401,4.100849492759992,0.08477520470781887,28.12461280822754,yes,no,no,no,no,no,no,no
10461,219.66384391054498,34.22783550902546,5.516428711392384,0.37837659304951865,12.155092239379883,yes,no,no,no,no,no,yes,no
11756,159.6283192839192,48.78751256633007,3.522617735281789,0.07425462968061441,75.8042984008789,yes,no,no,no,no,no,no,no
11756,159.83922512999973,48.79985222022085,6.986752291808611,0.04693775361585693,478.21551513671875,yes,no,no,no,no,no,no,no
11756,159.77164807505545,48.81404418197663,4.186100489304862,0.07303275201050508,85.31148529052734,yes,no,yes,no,yes,no,no,no
11756,159.76496133811116,48.81901068183008,3.838517114489293,0.08665878163656951,57.78604507446289,no,no,yes,no,no,no,no,no
11756,159.66579463780118,48.82285749178489,0.9765190880298853,0.04789430637700996,44.781429290771484,no,no,no,no,no,no,no,no
11756,159.62496969230003,48.82373584437105,2.073853338640592,0.02369914082468904,269.8879699707031,yes,no,no,no,no,no,no,no
11756,159.58642486222007,48.85786029080039,3.587778631625872,0.07809473965752262,61.83549880981445,no,no,no,no,no,no,no,no
11756,159.72189460566736,48.85907515145434,2.309647741760203,0.05873375574588016,42.050621032714844,no,no,no,no,no,no,no,no
11756,159.6845201362163,48.87229559953806,2.08104563935741,0.06948346004249599,34.14570617675781,no,no,no,no,no,no,no,no
11756,159.83438282168404,48.9152349262444,7.875582131613317,0.3259872946572902,17.391979217529297,no,no,yes,no,no,no,no,no
11756,159.8017393537768,48.93710688254627,7.810722776620025,0.37752808645412034,17.151269912719727,no,no,yes,no,no,no,no,no
11756,159.5678855057949,48.86685102950891,4.462893021386952,0.2334180317879043,21.039613723754883,no,no,yes,no,no,no,no,no
12884,212.12046698241707,-27.057995046513206,12.96067926361244,0.4060499533637473,33.672420501708984,no,no,no,no,no,no,no,no
17596,177.52388707175007,22.469525348349556,7.701211805577926,0.6961700177716216,8.202635765075684,yes,no,yes,no,yes,no,yes,no
16305,109.5628995968191,37.81391080948973,9.553383737140084,0.6128270495274183,12.323189735412598,yes,yes,yes,no,no,no,yes,no
17494,177.786523686364,-28.04372265700604,2.901286279543996,0.0773416236912463,48.97154235839844,yes,no,no,no,no,no,no,no
22650,144.92818129044298,40.84079236989762,4.618190198172492,0.1524023837412374,26.73818588256836,yes,no,no,no,no,no,no,no
957,189.02061039091137,62.33740059446164,6.65092159319649,0.3193084078721738,21.472759246826172,yes,no,no,no,yes,no,yes,no
3408,189.1668909944635,62.32828620722678,6.91870066069987,0.5853667050047325,4.749783515930176,yes,yes,yes,no,yes,no,yes,no
5029,160.83520540227497,59.072292978741274,5.780590472781754,0.27405878073886825,17.760581970214844,yes,no,no,no,yes,no,yes,no
9456,214.9598459686411,52.74343671858296,6.843992055975204,0.43170182045602223,14.61906909942627,yes,no,yes,no,yes,no,yes,no
12290,162.10339330669112,-25.113268837077346,3.039939256122807,0.1128157647463595,28.541078567504883,yes,no,yes,no,no,no,yes,no
15227,150.42578695316888,1.8887737190398457,3.790645130761039,0.25467348376572174,10.195205688476562,yes,yes,no,no,yes,no,yes,no
17709,284.3209219929565,-20.894212262091003,3.504523065869046,0.1538091368137833,17.87543487548828,yes,no,no,no,no,no,yes,no
17709,284.41511097091416,-20.914392503463084,5.880828330045139,0.3784861707614913,14.239683151245117,yes,no,no,no,no,no,yes,no
606,55.99883529267423,32.23414790035548,8.704621976656798,0.11542150372402758,208.91798400878906,yes,yes,no,no,no,no,yes,no
606,56.09069084732374,32.20852949972316,4.613753125320145,0.17753433195954343,16.20496368408203,yes,no,yes,no,no,no,no,no
606,56.16990146785567,32.21841321394414,5.274871522362118,0.31236033116268813,15.8548002243042,yes,no,no,no,no,no,yes,no
606,56.08988320585404,32.25275882178961,7.133072141884606,0.6671907166029162,15.409062385559082,yes,yes,yes,no,no,no,yes,no
1867,167.42482022127018,-76.58290937121158,1.494894060873792,0.014459824663977676,661.2672729492188,yes,no,no,no,no,no,no,no
1867,167.83364991155375,-76.64039927274673,5.708117017836156,0.31817528533052697,11.830354690551758,yes,no,no,no,no,no,yes,no
1872,86.80864624795527,0.004391478211081963,8.139595680628288,0.03561145206987988,797.1891479492188,yes,no,no,no,no,no,no,no
1872,86.72408768535067,0.009462366274693391,3.880624438508506,0.10044667590691461,40.850135803222656,yes,no,no,no,no,no,yes,no
1872,86.76663087537924,0.18727074908897115,8.98347056202804,0.13782154510680653,127.54805755615234,yes,no,no,no,no,no,yes,no
1872,86.65440073487666,0.11159986108673693,3.544521186877321,0.1538456369222242,11.345468521118164,no,no,no,no,no,no,yes,no
1872,86.57748042422993,-0.005266014570258527,7.618596472009271,0.347869154520281,12.225790977478027,yes,no,no,no,no,no,yes,no
1878,85.40901062142616,-1.971643463097423,3.808144713135259,0.05068109764519267,135.4189453125,yes,no,no,no,no,no,no,no
1878,85.39761804813114,-1.9377419752346319,3.062011237441689,0.04015059953795851,109.59251403808594,yes,no,no,no,no,no,no,no
1878,85.41151082739474,-1.9340925325516451,2.207432486471375,0.03386907157164701,135.58059692382812,yes,no,no,no,no,no,no,no
1878,85.447705450966,-1.9240613099292654,0.3037398870854205,0.018803427867787173,278.1632385253906,no,no,no,no,no,no,no,no
1878,85.42491868457398,-1.9067507337924265,1.446567859044237,0.03507217298855795,84.55096435546875,no,no,no,no,no,no,no,no
1878,85.44215333408606,-1.904195838893309,0.942921773869242,0.01720406283232383,304.6353454589844,no,no,no,no,no,no,no,no
1878,85.43775111561953,-1.9018433627988627,1.157691745148641,0.027621711816281293,132.7357940673828,no,no,no,no,no,no,no,no
1878,85.43388313868545,-1.8965390941077473,1.544023613901709,0.03781145303837164,74.9463119506836,no,no,no,no,no,no,no,no
1878,85.38174315877747,-1.8755872312505435,4.638226745104372,0.040176955439193474,290.9391174316406,yes,no,no,no,no,no,no,no
1878,85.46052625588119,-2.0493392040704275,7.838320281044958,0.2869031745871534,42.52101135253906,yes,no,no,no,no,no,yes,no
1878,85.45288162901585,-1.9044621698022297,1.013853539367971,0.1437685823586759,12.358415603637695,no,no,no,no,no,no,no,no
1878,85.4438541747771,-1.8635990170689407,3.360351974281934,0.1411812405639707,21.06560516357422,no,no,no,no,no,no,yes,no
1878,85.41427511871554,-1.783531906870062,8.373060680526272,0.27371532467187487,37.68855285644531,no,no,no,no,no,no,yes,no
1878,85.52193293156094,-1.8957467314410286,4.810613651974159,0.2430268941386306,19.718242645263672,yes,no,no,no,no,no,yes,no
1878,85.37219725756995,-1.8584689582431573,5.71707801766427,0.3475399945037046,15.749176025390625,yes,yes,no,no,no,no,yes,no
1878,85.43027251238199,-1.8924411910368877,1.862474649447401,0.14815836078913205,8.935100555419922,no,no,no,no,no,no,yes,no
1878,85.36233995298295,-1.9026504777627886,5.07985620974021,0.0979340071166822,88.83234405517578,yes,no,no,no,no,no,yes,no
1878,85.36288009934961,-1.8694931046231933,5.786604155885357,0.2871542703682237,17.187904357910156,yes,yes,no,no,no,no,yes,no
1878,85.43966365444881,-1.907535102359543,0.7991127553314157,0.03911426387528987,51.3908576965332,no,no,no,no,no,no,no,no
1878,85.43926295155056,-1.9071741545822853,0.8290358636872135,0.0945697906974593,14.06842041015625,no,no,no,no,no,no,no,no
1882,91.94120977430495,-6.416070097716933,2.358859133362789,0.03600921402642449,119.90936279296875,yes,no,no,no,no,no,no,no
1882,91.95287825528668,-6.401834267439383,1.279307368942028,0.043632412694771985,47.83475875854492,no,no,no,no,no,no,no,no
1882,91.90500119869004,-6.381479476814601,3.365233582209779,0.10478694400187595,25.836931228637695,no,no,no,no,no,no,no,no
1882,91.94832888639803,-6.379320789031402,0.8012661247719971,0.06808684894374484,27.012008666992188,no,no,no,no,no,no,no,no
1882,91.94413001748939,-6.377147557648283,1.076699381974643,0.0544229230423154,27.959571838378906,no,no,no,no,no,no,no,no
1882,91.94209691556848,-6.3682451382450385,1.427749232934019,0.06102451845322248,38.08450698852539,no,no,no,no,no,no,no,no
1882,92.05047305756457,-6.329783446574925,6.173590130460015,0.2013015913886428,41.82037353515625,yes,no,no,no,no,no,yes,no
1882,91.94860154015576,-6.270195963811727,6.76845784965861,0.257613771694718,35.91031265258789,yes,no,no,no,no,no,yes,no
1882,91.88437518826441,-6.204495262613702,11.61492558426454,0.2738959430873202,84.86405944824219,yes,no,no,no,no,no,no,no
1882,91.91131733059603,-6.380929515758793,2.989371616044057,0.0931888238808845,29.84520149230957,no,no,no,no,no,no,no,no
1882,91.97131205663179,-6.328995360646334,3.250932092585236,0.1011324495782898,40.71134567260742,yes,no,no,no,no,no,yes,no
1882,91.99723055015771,-6.440685248743144,4.103161748501926,0.14691688988510057,24.375553131103516,no,no,no,no,no,no,yes,no
1882,91.89683250249783,-6.3854129135172935,3.856542726173842,0.16074928304642344,8.042570114135742,no,no,no,no,no,no,no,no
1882,92.07867930236483,-6.435340483418493,7.681622921997976,0.5240887876529614,12.3027925491333,yes,no,no,no,no,no,yes,no
1882,91.94791667832183,-6.39343192872527,1.047458616218655,0.09188752403447578,15.127252578735352,no,no,no,no,no,no,no,no
1882,91.94014138162822,-6.381841345712502,1.269817892678333,0.1178747045536231,10.932162284851074,no,no,no,no,no,no,no,no
2561,282.4394568139593,-23.83791575019641,0.8715822320025858,0.09692781771084988,21.403287887573242,no,no,no,no,no,no,no,no
2561,282.4416570599055,-23.837649207653282,0.7798411138655532,0.0,19.58704376220703,yes,yes,no,no,no,no,yes,yes
2561,282.441208810217,-23.837785840610593,0.7950406256733136,0.06821500712625586,24.697277069091797,yes,no,no,no,no,no,no,no
2561,282.440716630015,-23.83776168446281,0.8181420274500303,0.10025517615582226,11.653220176696777,yes,no,no,no,no,no,no,no
2561,282.440168450901,-23.837838905533452,0.8407730788202981,0.06742176620914293,28.270118713378906,no,no,no,no,no,no,no,no
2561,282.4430676175615,-23.837605293959832,0.7207466950096445,0.05367075270560112,21.067481994628906,yes,no,no,no,no,no,no,no
2561,282.44241872674695,-23.837641041400726,0.7469354946284573,0.06853580932191673,47.030784606933594,yes,no,no,no,no,no,no,no
2561,282.44387526938084,-23.83750655622328,0.6915575310799538,0.06268094396133121,61.630741119384766,no,no,no,no,no,no,no,no
2561,282.4458599344107,-23.83736683023676,0.6228731553170114,0.0706722544357437,36.07608413696289,no,no,no,no,no,no,no,no
2561,282.4449473964473,-23.837396879152433,0.6545813807164336,0.0534317377981008,39.690773010253906,no,no,no,no,no,no,no,no
2561,282.44746569551455,-23.837210351153004,0.5787384872995903,0.05707181089215358,27.250289916992188,no,no,no,no,no,no,no,no
2561,282.4470377254263,-23.8372362178969,0.5903084370164412,0.05398441444205665,31.250879287719727,no,no,no,no,no,no,no,no
2561,282.446451859168,-23.83726256068844,0.6077054687438902,0.05756639372029881,24.669414520263672,no,no,no,no,no,no,no,no
2561,282.4488413239779,-23.837092939028736,0.5486397597061904,0.06060145456600678,26.242286682128906,yes,no,no,no,no,no,no,no
2561,282.4481578285401,-23.837150837291396,0.5625425912142261,0.05266541479333799,20.486295700073242,no,no,no,no,no,no,no,no
2561,282.4477829903249,-23.837102871701905,0.5751994564755929,0.0,18.93100929260254,no,yes,no,no,no,no,yes,yes
2561,282.44987475840685,-23.83696626250647,0.5342285822543177,0.0,18.97304916381836,yes,yes,no,no,no,no,yes,yes
2561,282.44941865782306,-23.837036743608937,0.5390778517507214,0.0481567360831484,29.62298583984375,yes,no,no,no,no,no,no,no
2561,282.4625662696204,-23.83585271008984,0.7725293405689493,0.053545543428945394,34.25117111206055,no,no,no,no,no,no,no,no
2561,282.46199706696996,-23.835881039733845,0.7505580198921017,0.05699037145892506,23.30048179626465,no,no,no,no,no,no,no,no
2561,282.46393076552255,-23.835724600174203,0.8301571720550548,0.06275395266226143,52.58583068847656,no,no,no,no,no,no,no,no
2561,282.4631981992514,-23.83581067714841,0.7981068253132219,0.057688228724364486,23.846826553344727,no,no,no,no,no,no,no,no
2561,282.4658692271516,-23.83556450297347,0.9155925851685215,0.055261116880170824,29.848276138305664,yes,no,no,no,no,no,no,no
2561,282.4649834046513,-23.835620198285735,0.8766679532629659,0.062203056697325315,43.4932975769043,yes,no,no,no,no,no,no,no
2561,282.4668913664181,-23.83544110907002,0.9638076758367848,0.06528688147560223,41.90161895751953,no,no,no,no,no,no,no,no
2561,282.4662323090286,-23.83551759740627,0.9327286635993798,0.07174566766298429,16.905378341674805,yes,no,no,no,no,no,no,no
2561,282.46914865213245,-23.835325463682157,1.067843372236188,0.0,14.914107322692871,no,yes,no,no,no,no,yes,yes
2561,282.46851425197116,-23.83531034293668,1.039816152715874,0.07427442837298749,34.57484436035156,yes,no,no,no,no,no,no,no
2561,282.4678100685155,-23.835373011570958,1.006352896114541,0.04970985386590347,35.8990478515625,no,no,no,no,no,no,no,no
2561,282.4705989960918,-23.835151973288433,1.140002073008689,0.0782640932529263,16.185482025146484,no,no,no,no,no,no,no,no
2561,282.47004878204973,-23.83519207562331,1.113342171914707,0.08192150216539504,26.29973793029785,no,no,no,no,no,no,no,no
2561,282.4694225542699,-23.835201192641204,1.084463236588961,0.08321797675634057,20.559242248535156,no,no,no,no,no,no,no,no
2561,282.4720286075175,-23.835014104042386,1.21110692779598,0.08910726202334565,13.898932456970215,yes,no,no,no,no,no,no,no
2561,282.47147276431303,-23.835051872116527,1.183840282618254,0.08822265882889256,17.706418991088867,yes,no,no,no,no,no,no,no
2561,282.47109094032385,-23.835051916935864,1.166030152858189,0.0,11.144190788269043,yes,yes,no,no,no,no,yes,yes
2561,282.45045780776996,-23.836935641310603,0.526306397110123,0.05805838775108282,42.86128616333008,yes,no,no,no,no,no,no,no
3498,83.85557947910266,-5.424859052084564,2.839681991921461,0.11192245337070814,16.017141342163086,yes,no,yes,no,yes,no,yes,no
3498,83.81814243277255,-5.419320628808395,1.458509656035521,0.014023922123380458,344.2323303222656,yes,no,no,no,no,no,no,no
3498,83.8517863041032,-5.411036854093788,2.198736966330237,0.028320393984648137,127.07847595214844,yes,no,no,no,no,no,no,no
3498,83.81234763512178,-5.404728923225068,0.6946728401690312,0.07935137142026726,7.2683515548706055,yes,no,no,no,no,no,no,no
3498,83.8539447534629,-5.4003928368813625,2.131034917161433,0.0708633090184161,24.940292358398438,yes,no,no,no,no,no,no,no
3498,83.79888005215088,-5.392603639066495,1.191585233759535,0.05597527630002778,15.850507736206055,no,no,no,no,no,no,no,no
3498,83.81104570683053,-5.369755766286818,1.58285660653331,0.028311223076695403,68.24755859375,yes,no,no,no,no,no,no,no
3498,83.79709859514523,-5.354268784453418,2.764026828597905,0.05697884558065791,25.572433471679688,no,no,no,no,no,no,yes,no
3498,83.80501053251955,-5.347931204821581,2.940851277996614,0.039801604362806775,96.44756317138672,yes,no,no,no,no,no,no,no
3498,83.80657523085414,-5.3420125751148655,3.261498209245244,0.047016098590958365,50.56141662597656,yes,no,yes,no,no,no,no,no
3498,83.9398578831296,-5.472968397427178,8.61759813550806,0.17496477959480403,74.77835845947266,yes,no,yes,no,yes,no,yes,no
3498,83.80832271208119,-5.407748860530554,0.9829758538000638,0.04516944104591036,29.6662540435791,no,no,no,no,no,no,no,no
3498,83.84067950746149,-5.394225687559947,1.314973469082051,0.06196994063181231,22.94416618347168,yes,no,yes,no,yes,no,no,no
3498,83.79574028195847,-5.373485957528154,1.883307343122878,0.026104971374106042,103.91523742675781,yes,no,no,no,no,no,no,no
3498,83.80693289473439,-5.479506909616166,5.117662418797323,0.132639247544622,52.159912109375,no,no,yes,no,yes,no,yes,no
3498,83.82744529017916,-5.440212572942024,2.761753243037663,0.19104163124888862,8.778853416442871,no,no,yes,no,no,no,yes,no
3498,83.71484910859687,-5.420234528422196,6.384014779150712,0.07330361385290288,144.4678497314453,yes,no,no,no,yes,no,yes,no
3498,83.84333617752188,-5.419261725373343,2.070023691515968,0.041666181581653985,72.29969787597656,yes,no,no,no,no,no,no,no
3498,83.80363523542815,-5.397575936620514,0.911706008390348,0.05937837856918349,23.407012939453125,no,no,no,no,no,no,no,no
3498,83.84053513385935,-5.329507626191153,4.141773957948432,0.06542561685475269,77.73997497558594,no,no,no,no,no,no,no,no
3498,83.93928300140591,-5.3434352771806735,7.84107617691225,0.20091211584308827,47.54263687133789,yes,no,yes,no,yes,no,yes,no
3498,83.84655762064249,-5.374499001210028,2.070946457833423,0.03912214802496933,69.47132110595703,yes,no,no,no,no,no,no,no
3498,83.82902348093633,-5.472760911879404,4.70530861006338,0.38709970874485,7.300720691680908,no,no,no,no,no,no,no,no
3498,83.84816796354238,-5.325021252742488,4.554269182342515,0.2231757321203637,7.430656433105469,no,no,yes,no,no,no,no,no
3498,83.78100175795176,-5.444452828369618,3.723287478480933,0.027067325916670285,347.0059814453125,yes,no,no,no,no,no,no,no
3498,83.84506190133419,-5.33963668158242,3.677662089235541,0.06239170297961291,46.66818618774414,no,no,yes,no,no,no,no,no
3498,83.87808578652341,-5.362931632428603,4.037225094031091,0.1122784375255113,40.622318267822266,yes,no,yes,no,no,no,yes,no
3498,83.81742266913442,-5.3589693048672284,2.164227548804184,0.058302169178416546,17.727575302124023,yes,no,yes,no,no,no,yes,no
3744,83.84555063371978,-5.541237819299623,8.900715563023205,0.12899624199097579,143.74716186523438,yes,no,no,no,yes,no,no,no
3744,83.88698513762981,-5.505922449625671,7.780524113172405,0.09990063082383473,115.06534576416016,yes,no,yes,no,yes,no,yes,no
3744,83.82422591188643,-5.411333027238447,1.01251414683729,0.05119979782376028,22.35265350341797,yes,no,no,no,no,no,no,no
3744,83.82423928468442,-5.4084479034104,0.8494179114108054,0.03770479558163496,57.27252960205078,yes,no,no,no,no,no,no,no
3744,83.81216121059147,-5.403518840188322,0.646545593832299,0.02173129220514342,121.84571075439453,yes,no,no,no,no,no,no,no
3744,83.8665113324937,-5.379637409975331,2.983015245603536,0.07226667759990257,18.019630432128906,no,no,no,no,no,no,no,no
3744,83.83718646370147,-5.364083754689331,2.15956958068872,0.013429869792142028,254.8925323486328,yes,no,no,no,no,no,no,no
3744,83.84282236289874,-5.361757019322439,2.45889337951287,0.0224055932603682,125.69447326660156,no,no,no,no,no,no,no,no
3744,83.81743552985473,-5.352960367258418,2.539209473297791,0.016741685118819283,231.45901489257812,yes,no,no,no,no,no,no,no
3744,83.78460963659097,-5.3269538893911905,4.586471216119183,0.04498729673479712,112.8956527709961,no,no,no,no,no,no,no,no
3744,83.83209408838295,-5.32498424153903,4.2867042034374,0.1222022448269948,19.014528274536133,no,no,yes,no,no,no,yes,no
3744,83.833253906985,-5.312843113107396,5.01608156361763,0.13790526520722346,25.22633171081543,no,no,yes,no,yes,no,yes,no
3744,83.81147777938435,-5.571258168848578,10.57041050846959,0.22752281801794394,62.46713638305664,yes,yes,yes,no,yes,no,yes,no
3744,83.83189648929887,-5.407348199814044,1.054239363862296,0.013128201467173138,229.43617248535156,yes,no,no,no,no,no,no,no
3744,83.74817168507495,-5.400011595972161,4.246419802191399,0.06632312379573506,43.04987335205078,yes,no,no,no,no,no,yes,no
3744,83.85007508487793,-5.387140625307359,1.913196977535575,0.07093471309105878,20.596336364746094,yes,no,yes,no,no,no,yes,no
3744,83.83596000883843,-5.3792726717926564,1.390382105720468,0.018984063279252103,110.2862319946289,yes,no,no,no,no,no,no,no
3744,83.84869531229346,-5.370166171312273,2.321709225509902,0.08772245051107742,17.403573989868164,no,no,yes,no,yes,no,yes,no
3744,83.83316017933637,-5.364964553741639,2.00175424981022,0.057150715106037905,15.58767032623291,no,no,yes,no,no,no,yes,no
3744,83.81679280131196,-5.329029156321077,3.975524692926778,0.15067854270673575,10.353322982788086,no,no,yes,no,no,no,no,no
3744,83.78496987371187,-5.474816094196369,5.191105823014689,0.12102267415616347,28.438114166259766,yes,no,yes,no,yes,no,yes,no
3744,83.7984590433751,-5.45798850486592,3.961168882623983,0.22060575328293283,9.285341262817383,no,no,no,no,no,no,yes,no
3744,83.88105114071679,-5.38456788014657,3.755743704907661,0.11396573796110854,19.320510864257812,no,no,no,no,no,no,no,no
3744,83.78616368906135,-5.4837170229204455,5.660949118300691,0.045311276085008824,263.6177062988281,yes,no,no,no,no,no,no,no
3744,83.79860429634424,-5.435726137754262,2.719779882102012,0.03178862006365629,114.44258117675781,yes,yes,no,no,no,no,no,no
3744,83.8307340898045,-5.3850803326431045,0.9247705003500378,0.058512569858400525,8.628198623657227,no,no,no,no,no,no,yes,no
3744,83.85858113857695,-5.355783650038621,3.342044084130152,0.015442484468077469,480.9781188964844,yes,no,no,no,no,no,no,no
3744,83.83206431028218,-5.223763669409784,10.31817851531079,0.07611852223531801,308.7504577636719,yes,no,no,no,no,no,no,no
3744,83.83763161657141,-5.46915299208979,4.570370022730918,0.08552448602428243,39.686859130859375,yes,no,no,no,yes,no,yes,no
3744,83.80239473497927,-5.3838232301254605,1.210618482221348,0.033847729464859595,25.084131240844727,no,no,no,no,no,no,no,no
3744,83.79362095691963,-5.36370302596478,2.428729140463489,0.03695273916099666,38.54632568359375,no,no,no,no,no,no,no,no
3744,83.72602463609185,-5.359808948458986,5.95263834761874,0.07283713420460797,105.40839385986328,yes,no,no,no,no,no,yes,no
3744,83.85252536750828,-5.351123960574612,3.316018886672898,0.1064632916789363,15.272101402282715,no,no,no,no,no,no,yes,no
3744,83.81339442231872,-5.337421002479704,3.486322198206968,0.08333051427514812,9.029891967773438,yes,no,no,no,no,no,no,no
3744,83.80788165210492,-5.314699924712122,4.879128412916283,0.07094833378850117,55.29336929321289,yes,no,yes,no,yes,no,no,no
3744,83.81868383652069,-5.376350130065285,1.134149393986528,0.024526291611009127,38.188438415527344,yes,no,no,no,no,no,no,no
3744,83.81779329912315,-5.369514426160311,1.545989831287098,0.0171212490995754,116.76696014404297,yes,no,no,no,no,no,no,no
3744,83.83683195368542,-5.355929203286566,2.586034801049757,0.09211316210699852,10.790130615234375,yes,no,yes,no,yes,no,yes,no
3744,83.73720787882071,-5.36835099512973,5.151158025845126,0.12100204602851203,24.558855056762695,yes,no,no,no,yes,no,yes,no
3744,83.76419145216798,-5.272751337239433,8.048565258111486,0.48372478739930586,10.17906665802002,yes,no,yes,no,yes,yes,no,no
3744,83.87674073735313,-5.427337537040425,3.944840052864826,0.029496372984917727,239.0434112548828,yes,no,no,no,no,no,no,no
3744,83.86035613650351,-5.395772039548734,2.464639187172266,0.023159401230788756,165.23245239257812,yes,no,no,no,no,no,no,no
3744,83.84075904786897,-5.3862545551873575,1.401850817633524,0.08928112590251842,14.056192398071289,yes,no,yes,no,yes,no,yes,no
3744,83.8174298923984,-5.358942278303974,2.180630478506882,0.03845203404591264,29.293212890625,yes,no,no,no,no,no,no,no
3744,83.82969999387824,-5.353475635052548,2.585105928804661,0.09042812715540267,6.533051490783691,no,no,yes,no,no,no,no,no
3744,83.81921509984592,-5.326535117525153,4.122784294891327,0.07190378315914876,32.49583053588867,yes,no,yes,no,yes,no,yes,no
3744,83.86547398477369,-5.480878672182347,5.836950385542941,0.2538165399574246,15.576638221740723,yes,no,yes,no,yes,no,yes,no
3744,83.87755222546379,-5.360844500869873,4.05625250821758,0.124683725663414,19.1055965423584,no,no,yes,no,no,no,yes,no
3744,83.76987394803156,-5.295000449266679,6.695232027677277,0.04456177368224076,392.065185546875,yes,no,no,no,no,no,no,no
3744,83.8589961045318,-5.3824515176743954,2.503850480345025,0.03734648795547583,93.6798324584961,yes,no,no,no,no,no,no,no
3744,83.74077158305553,-5.380852337976168,4.75795929550591,0.02466339528669903,328.48541259765625,yes,no,no,no,no,no,no,no
3744,83.8272238728125,-5.3638703377836645,1.9442138364548,0.024093627732544403,60.04368209838867,no,no,no,no,no,no,no,no
3744,83.82092397479664,-5.336634666774397,3.518494216162982,0.05571051846049285,35.303489685058594,yes,no,yes,no,yes,no,no,no
3744,83.8340241604503,-5.3289345017470495,4.077483027377609,0.03562819770249634,119.89144134521484,no,no,no,no,no,no,no,no
3744,83.79909175641829,-5.458615513623766,3.985442707189155,0.24409753241973428,6.982867240905762,no,no,yes,no,no,no,yes,no
3744,83.80558397068528,-5.398049609852686,0.8246422914734941,0.05912057424453256,13.435368537902832,no,no,no,no,no,no,no,no
3744,83.81000576981671,-5.389674975775804,0.6378729451021358,0.03717558039805494,15.36053466796875,yes,no,no,no,no,no,no,no
3744,83.78513723664138,-5.384674402671805,2.125602473135435,0.03200056429701944,75.18397521972656,yes,no,no,no,no,no,no,no
3744,83.85904789401825,-5.334951475197462,4.333983540067075,0.011957006224646202,1261.997802734375,yes,no,no,no,no,no,no,no
3744,83.82806112724921,-5.327192827140884,4.118260839879139,0.12864181812603584,13.929357528686523,no,no,yes,no,no,no,yes,no
3744,83.82307157908393,-5.324655627821456,4.242189620108735,0.02991085835629113,189.73519897460938,yes,no,no,no,no,no,no,no
3744,83.7997935612463,-5.492361780511723,5.939826605627516,0.172754348139194,23.923383712768555,yes,no,yes,no,no,no,yes,no
3744,83.82131107449393,-5.316907076759208,4.702317474826672,0.13721304973665246,15.044325828552246,no,no,yes,no,no,no,yes,no
3744,83.7903087665391,-5.398837264999388,1.73320841168693,0.018120628842256986,184.8327178955078,no,no,no,no,no,no,no,no
3744,83.80663100123066,-5.341995815394863,3.280800963615309,0.059126896693113724,26.531667709350586,yes,no,yes,no,yes,no,no,no
3744,83.81397422275042,-5.3171994554865405,4.692915990445801,0.09789224373218201,22.501588821411133,yes,no,yes,no,yes,no,yes,no
4373,83.82609443478036,-5.4982568906993,6.198767661790662,0.03577792598196491,380.54541015625,yes,no,no,no,no,no,yes,no
4373,83.80634974844533,-5.457908795519117,3.837983543658359,0.038215979828938526,161.19606018066406,yes,no,no,no,no,no,no,no
4373,83.808831565336,-5.4529034889867205,3.515463150102932,0.11827165887545077,26.50732421875,no,no,yes,no,no,no,yes,no
4373,83.82488966151749,-5.447377667529532,3.15129628453923,0.1072953947978947,19.79429054260254,yes,no,yes,no,yes,no,yes,no
4373,83.7739158944764,-5.440538304055967,3.826970208475014,0.045732961125410136,170.97850036621094,yes,no,no,no,no,no,no,no
4373,83.83812669704743,-5.432463803906259,2.512329344194708,0.0782831562728234,27.496965408325195,yes,no,no,no,yes,no,yes,no
4373,83.81528883561681,-5.425853211026262,1.852993437369053,0.06942606403934852,16.866443634033203,yes,no,no,no,yes,yes,yes,no
4373,83.69336697850235,-5.408807362997189,7.546961005491183,0.053610347481946714,293.68280029296875,yes,yes,no,no,yes,yes,no,no
4373,83.80658555089857,-5.39864299739431,0.7681538585442201,0.013436905473647264,159.6243438720703,no,no,no,no,no,no,no,no
4373,83.79226584553265,-5.3756789713921656,1.978475950658515,0.06308153297520065,15.187745094299316,yes,no,no,no,yes,no,no,no
4373,83.79462180128336,-5.372261453257573,2.001828198934101,0.03679388602327405,42.347007751464844,yes,no,no,no,no,no,no,no
4373,83.85929741013345,-5.372040105134734,2.780770516384858,0.13564159295320463,9.557092666625977,no,no,yes,no,no,no,no,no
4373,83.85049923107518,-5.365431499140172,2.595251401679797,0.08303331332037604,20.32323455810547,yes,no,yes,no,yes,no,yes,no
4373,83.79356399966073,-5.363688489601391,2.423811982090406,0.024516131849812547,119.53146362304688,no,no,no,no,no,no,no,no
4373,83.83221311848773,-5.341493491948748,3.317405177346647,0.03456391379874612,74.66402435302734,no,no,no,no,no,no,no,no
4373,83.75554052249785,-5.33947536301762,5.052746421495501,0.028118173852523565,356.7469787597656,yes,no,no,no,no,no,no,no
4373,83.80849576188501,-5.336756426073343,3.561267822014398,0.06015481504213885,44.824867248535156,no,no,no,no,no,no,no,no
4373,83.82049554947001,-5.311357047175818,5.030682392360239,0.04003577837273304,161.03823852539062,no,no,yes,no,no,no,no,no
4373,83.80652822045478,-5.295960551810477,5.999844856977629,0.07306831595304772,72.60572814941406,no,no,yes,no,no,no,no,no
4373,83.81928456455891,-5.289770043313835,6.325103179420931,0.07241049950663439,67.92842864990234,yes,no,yes,no,no,no,no,no
4373,83.72940449409141,-5.449504299512718,6.264256769120852,0.33322409491236915,18.160518646240234,yes,no,no,no,yes,no,yes,no
4373,83.83477307508429,-5.438154592078123,2.745422230235525,0.057079543839156206,36.34077835083008,yes,no,no,no,no,no,yes,no
4373,83.87674107007068,-5.427351235567581,3.953868963188929,0.026248596520517416,246.26708984375,yes,no,no,no,no,no,no,no
4373,83.80270543660833,-5.3680292512209915,1.89711947886334,0.05706344460342243,18.499696731567383,no,no,no,no,no,no,no,no
4373,83.83315234282543,-5.364931316295057,2.003399532809792,0.051684981222443305,15.017791748046875,no,no,no,no,no,no,no,no
4373,83.84952172444501,-5.355127796178254,3.018039024023232,0.11999661098419061,6.99707555770874,no,no,no,no,yes,no,yes,no
4373,83.8336428643275,-5.3454824984766,3.108497085188507,0.02159876948045819,171.04612731933594,yes,no,no,no,no,no,no,no
4373,83.81447272926175,-5.328679927100872,3.999507068087614,0.1366477216709562,14.78028392791748,no,no,yes,no,no,no,no,no
4373,83.81422397450844,-5.4331985915953585,2.298175075111574,0.05928410514216657,32.46505355834961,yes,no,yes,no,no,no,yes,no
4373,83.81431786338243,-5.395899705283768,0.2810347537667663,0.013134555425217019,155.82369995117188,yes,no,no,no,no,no,no,no
4373,83.75675077257773,-5.363559883148413,4.173039692356097,0.10654347298520939,26.372940063476562,no,no,yes,no,no,no,yes,no
4373,83.79711909889497,-5.3542441300655925,2.781815435046122,0.059587878989517694,16.044286727905273,no,no,no,no,no,no,no,no
4373,83.8525476944752,-5.35115799176109,3.317054272899416,0.07739310541693109,23.935169219970703,no,no,yes,no,no,no,yes,no
4373,83.83747677111741,-5.345284140824173,3.191845132533967,0.03729375931006957,66.5310287475586,no,no,no,no,no,no,no,no
4373,83.85201681715405,-5.283229633603987,7.001625729873774,0.10092889393042691,87.469970703125,yes,no,yes,no,no,no,yes,no
4373,83.79787803774444,-5.433947972369818,2.644880168547485,0.008691695966240767,1332.755615234375,yes,no,no,no,no,no,no,no
4373,83.85288941052595,-5.4098832378175565,2.209771562026543,0.0465469894002083,24.896642684936523,yes,no,no,no,yes,no,yes,no
4373,83.94411513343545,-5.373254625895738,7.590647257345362,0.22409920145125997,34.75090408325195,yes,no,yes,no,yes,no,no,no
4373,83.82634748854602,-5.401297429572375,0.5733084255408162,0.02763454587097485,37.49449157714844,yes,no,no,no,no,no,no,no
4373,83.80636249363047,-5.391850214309442,0.7791574449300266,0.01853116357649779,116.2325439453125,yes,yes,no,no,no,no,no,no
4373,83.81598378300158,-5.379368709131268,0.9657495651595951,0.020080576539225962,45.222896575927734,yes,no,no,no,no,no,no,no
4373,83.84213267443947,-5.376100328570717,1.796209185731424,0.03089789248024967,47.16986083984375,yes,no,no,no,no,no,no,no
4373,83.84785237812082,-5.3337702878625475,4.069020186136227,0.034628810554276815,188.11642456054688,no,no,no,no,no,no,no,no
4373,83.66641905333333,-5.444715235589737,9.584332302928813,0.05776138421710052,378.2054138183594,yes,no,no,no,no,no,no,no
4373,83.83079179166386,-5.428381846888934,2.11315286096821,0.07731176085911844,19.76819610595703,no,no,no,no,no,no,yes,no
4373,83.87795940949505,-5.408618321531283,3.614730300200157,0.039891888425547306,100.40687561035156,yes,no,no,no,no,no,no,no
4373,83.80103774109499,-5.4067747076470765,1.276884244125277,0.09560854719795069,10.137767791748047,no,no,yes,no,no,no,no,no
4373,83.80574622103076,-5.471491984183784,4.645857016442463,0.25183276683566586,10.32485580444336,no,no,yes,no,no,no,yes,no
4373,83.79912627396902,-5.458512107291647,3.980004018916618,0.15562052162255646,9.867594718933105,no,no,yes,no,no,no,yes,no
4373,83.88230688441642,-5.355718441871502,4.463632946590288,0.08577687091035605,62.16580581665039,no,no,yes,no,no,no,yes,no
4373,83.80460522375567,-5.353679281053491,2.634163647401707,0.037345336503006345,42.08743667602539,yes,no,yes,no,yes,no,yes,no
4373,83.81414063689543,-5.463075789570489,4.083462786232764,0.1171018122573811,26.811857223510742,no,no,no,no,no,no,yes,no
4373,83.81744075284743,-5.415614682536954,1.228993933664741,0.0241326539355272,114.76657104492188,no,no,no,no,no,no,no,no
4373,83.85271743744205,-5.37845796171536,2.252102701987224,0.02851511139629531,111.1907730102539,yes,no,no,no,no,no,no,no
4373,83.725467370534,-5.374012458870048,5.727967454519249,0.048846482324278094,174.48370361328125,yes,no,no,no,no,no,yes,no
4373,83.79979040392584,-5.479136930199158,5.165546122456269,0.2453414216754919,14.664349555969238,no,no,yes,no,no,no,yes,no
4373,83.88698391984178,-5.505902510417357,7.786635875816252,0.07323229022962467,185.64588928222656,yes,no,no,no,yes,no,yes,no
4373,83.80735418433467,-5.371458497119844,1.583796041174924,0.03463849691842783,25.39434814453125,yes,no,no,no,no,no,no,no
4373,83.81452633376053,-5.354154706184574,2.476250939695428,0.03992837539119099,33.67118453979492,yes,no,no,no,no,no,no,no
4373,83.81409506278973,-5.353846279664769,2.49752222545437,0.0,16.11928367614746,yes,yes,no,no,no,no,yes,yes
4373,83.85254691626879,-5.331944447611626,4.292174557481045,0.06018275363581293,57.46784591674805,no,no,yes,no,no,no,yes,no
4373,83.87880293118172,-5.30492468620441,6.489036056769054,0.061546425918626926,125.52255249023438,yes,no,yes,no,no,no,no,no
4374,83.83454972080153,-5.510927143325117,7.011933366852174,0.05969748391691495,206.5559539794922,yes,no,no,no,no,no,no,no
4374,83.924836586777,-5.470153059819602,7.767780595546624,0.01932745514577889,1442.7623291015625,no,no,no,no,no,no,no,no
4374,83.75552559158409,-5.469906344908985,5.869790487731976,0.045056950039467976,366.931640625,no,no,no,no,no,no,no,no
4374,83.81545741246863,-5.441181351697865,2.771819351220602,0.017225422901455286,420.4631652832031,yes,no,no,no,no,no,no,no
4374,83.83075881316472,-5.428392736074107,2.119600950901583,0.013582859885431594,402.8387756347656,no,no,no,no,no,no,no,no
4374,83.85556629133067,-5.424797685196611,2.824680827193454,0.09261176470610968,19.94740867614746,yes,no,no,no,no,no,no,no
4374,83.77369154136585,-5.418401521092802,3.038842181063953,0.0202055527253135,340.10174560546875,yes,no,no,no,no,no,no,no
4374,83.77780184806537,-5.379011943975043,2.63626821300626,0.0652899382475563,18.950918197631836,no,no,yes,no,no,no,yes,no
4374,83.82898123046886,-5.3520995339701285,2.650375274537137,0.06319816476359962,20.703153610229492,yes,no,no,no,no,no,no,no
4374,83.82433134880769,-5.348281148472607,2.828585076114419,0.0200878245600249,180.30105590820312,yes,no,no,no,no,no,no,no
4374,83.81786365807038,-5.345521656928813,2.975853148334868,0.021328874979173768,167.73060607910156,no,no,no,no,no,no,no,no
4374,83.82712860381073,-5.345155167780172,3.037608047010578,0.017298175442938206,233.99012756347656,yes,no,no,no,no,no,no,no
4374,83.87349143420764,-5.333887888318994,4.913369931055692,0.04864154447257581,159.7603302001953,no,no,no,no,no,no,no,no
4374,83.83168991542014,-5.333788148849747,3.758165512665786,0.04327204505414916,60.57902526855469,no,no,yes,no,no,no,no,no
4374,83.81679188584388,-5.329024757943899,3.967000119727853,0.06829315599998363,33.835548400878906,no,no,yes,no,no,no,no,no
4374,83.80285762150316,-5.326431250344271,4.230187548665349,0.019737600992898067,353.19482421875,yes,no,no,no,no,no,no,no
4374,83.83531232793393,-5.325719948604951,4.277701799854857,0.08130003155995819,25.97888946533203,no,no,yes,no,no,no,no,no
4374,83.87794827741612,-5.301943640620423,6.61095119803532,0.04333786194631438,261.48028564453125,yes,no,yes,no,yes,no,no,no
4374,83.8230011532248,-5.294412606140956,6.046841429196708,0.012911690888032122,1307.498046875,yes,no,no,no,no,no,no,no
4374,83.74246593086691,-5.479903350656117,6.834372905805731,0.23716602436617962,15.765408515930176,yes,no,yes,no,yes,no,yes,no
4374,83.77554519169239,-5.385051247646049,2.657196119804842,0.12337904558263604,9.88786792755127,no,no,no,no,no,no,no,no
4374,83.80050685745039,-5.413227113465124,1.544148857194496,0.037979846749329256,41.79490661621094,no,no,no,no,no,no,no,no
4374,83.8528679106339,-5.409856243407604,2.215414803005997,0.07067711025930891,22.964998245239258,yes,no,no,no,no,no,yes,no
4374,83.7702864203385,-5.3492612455168995,3.998598476709563,0.1236080602638433,30.163244247436523,yes,no,yes,no,yes,no,yes,no
4374,83.7967068078302,-5.289065943867296,6.498845658353563,0.05188242902380765,159.54104614257812,yes,no,yes,no,no,no,no,no
4374,83.80509932055605,-5.398701906448282,0.8501292598965036,0.029419853112493868,37.30685043334961,no,no,no,no,no,no,no,no
4374,83.85007001875167,-5.387131818279807,1.924426837077201,0.034003883301793734,65.89563751220703,yes,no,no,no,no,no,no,no
4374,83.8447246456334,-5.32991699851156,4.205500417119217,0.04254350618323481,115.26335906982422,no,no,no,no,no,no,no,no
4374,83.78499669442803,-5.474803577478234,5.192009336898644,0.15769837239775644,19.160072326660156,yes,no,yes,no,yes,no,yes,no
4374,83.91518803698757,-5.463888192425003,7.080356454200249,0.10996402985801844,69.52532958984375,yes,no,no,no,no,no,yes,no
4374,83.77381837554756,-5.3983179415618405,2.697761430974745,0.02746513953474834,170.6090087890625,yes,no,no,no,no,no,no,no
4374,83.8270653619209,-5.3914248062053245,0.5373550174576345,0.06673988492329476,5.33644962310791,yes,no,yes,no,yes,no,no,no
4374,83.80758280682636,-5.3691627417496495,1.696429970496573,0.01635432940252851,116.63182067871094,yes,no,no,no,no,no,no,no
4374,83.86155816488333,-5.34804493525445,3.805003585459772,0.1324801800367931,19.998441696166992,yes,no,yes,no,no,no,yes,no
4374,83.81920923006919,-5.289749343467004,6.32162262354527,0.07037409411081254,54.54646682739258,yes,no,no,no,no,no,no,no
4374,83.80751608989918,-5.506802960119822,6.735828799248489,0.22850520368875038,24.276878356933594,yes,no,yes,no,yes,no,yes,no
4374,83.88617789755378,-5.354997771079296,4.686166418802681,0.09802154831069854,60.2466926574707,no,no,no,no,no,no,no,no
4374,83.82497436416558,-5.348740904948486,2.805922004468927,0.07371617813493644,16.47062110900879,yes,no,no,no,no,no,no,no
4374,83.88083172425073,-5.258781365658932,8.97835613985207,0.0,405.8782653808594,yes,yes,no,no,no,no,yes,yes
4374,83.81045633566163,-5.441706219308502,2.8405921802473,0.18152540615004437,7.671844482421875,no,no,yes,no,no,no,no,no
4374,83.7216017410298,-5.400185974959355,5.817964070364773,0.08381777892109382,82.90575408935547,yes,no,no,no,no,no,yes,no
4374,83.82662543260271,-5.338921364299047,3.402983765015785,0.0433052519812412,40.1230583190918,yes,no,no,no,no,no,no,no
4374,83.8285929577558,-5.245922438714524,8.97004574062681,0.13051551487500004,89.69618225097656,no,no,yes,no,no,no,no,no
4374,83.7167211083562,-5.4051754878199,6.131319504886735,0.11883627515303218,32.05986404418945,yes,yes,no,no,no,no,yes,no
4374,83.77255994940587,-5.404166973468125,2.818924811147872,0.07359313963002018,31.957477569580078,yes,no,yes,no,yes,no,yes,no
4374,83.85134884709463,-5.375602558561782,2.266016818427525,0.048648822356454166,45.919551849365234,yes,no,no,no,no,no,no,no
4374,83.87650315494118,-5.377183696328005,3.607033843679437,0.03550175852123278,172.98367309570312,no,no,no,no,no,no,no,no
4374,83.8182336499798,-5.364014114266953,1.866085621633169,0.03825800585557799,19.428991317749023,yes,no,no,no,no,no,no,no
4374,83.83145643178979,-5.533007005165158,8.30797294323887,0.25808340357816784,21.09549331665039,yes,yes,yes,no,no,no,yes,no
4374,83.85189468035774,-5.442014028990447,3.436918864714061,0.14219988813189832,24.230112075805664,yes,no,yes,no,yes,no,yes,no
4374,83.81610657466605,-5.344499022120161,3.041079760661809,0.04999368700194674,36.12312698364258,yes,no,no,no,no,no,no,no
4374,83.73376556692517,-5.482078998824926,7.284700639134114,0.2825970614946742,21.39836311340332,yes,no,yes,no,no,no,yes,no
4374,83.70057529250299,-5.377275325269951,7.146669452188464,0.22710829209452563,19.92342758178711,yes,no,yes,no,yes,no,yes,no
4374,83.90371559963694,-5.306019894599039,7.366507624915952,0.15270015353872896,43.88627243041992,no,no,no,no,no,no,yes,no
4374,83.84031316505678,-5.363021608642148,2.312566542680508,0.015471304045823659,268.3417663574219,yes,no,no,no,no,no,no,no
4374,83.82507954361523,-5.368107088116212,1.662096922074304,0.009264802400288569,374.28131103515625,yes,no,no,no,no,no,no,no
4395,83.81588325718705,-5.553384173803526,9.486177777481235,0.041767158639808656,637.5673217773438,yes,no,no,no,yes,no,no,no
4395,83.78838321212906,-5.516204112848472,7.485258061611191,0.07597026801579955,253.68527221679688,yes,no,no,no,yes,no,yes,no
4395,83.75725359788318,-5.420129041426386,3.996885510281773,0.14918123985306567,11.486983299255371,no,no,yes,no,no,no,yes,no
4395,83.81755807474242,-5.415529207684259,1.21734335769443,0.029048765480549753,92.83578491210938,no,no,no,no,no,no,no,no
4395,83.85594631225479,-5.392528429549782,2.192328161994647,0.06599158463733346,35.59698486328125,yes,no,yes,no,no,no,no,no
4395,83.85012367504254,-5.387153113577779,1.902299503873291,0.07949685407754171,21.43859100341797,yes,no,yes,no,no,no,yes,no
4395,83.83178041175493,-5.384289522757242,0.994527505411831,0.02378978766185754,74.1155776977539,no,no,no,no,no,no,no,no
4395,83.81330114635094,-5.381714893084341,0.8926939170607731,0.01114098065165674,225.35438537597656,yes,no,no,no,no,no,no,no
4395,83.76545781704684,-5.379327327010792,3.35931936629832,0.08898741204756302,25.59290885925293,yes,no,yes,no,yes,no,yes,no
4395,83.85276041997459,-5.378473289406605,2.237001629580182,0.05779037957439004,45.61591339111328,yes,no,yes,no,yes,no,yes,no
4395,83.84431731150322,-5.360364185806107,2.573445245673084,0.060198152436749704,25.60871696472168,no,no,yes,no,yes,no,no,no
4395,83.81893842675844,-5.348498887304057,2.80931096769455,0.14573787468099883,6.755276203155518,no,no,yes,no,no,no,no,no
4395,83.81148594066931,-5.341365877293668,3.27111031640722,0.054691374959402315,34.135311126708984,yes,no,yes,no,yes,no,no,no
4395,83.86815535266275,-5.298413265146562,6.504335991739131,0.041454769296032215,297.3259582519531,yes,no,yes,no,no,no,no,no
4395,83.82303794648554,-5.294414903421884,6.058243851315554,0.02093428351240094,793.7129516601562,yes,no,no,no,no,no,no,no
4395,83.85291617314793,-5.473673497867818,5.110885795784397,0.19300618858570728,15.133094787597656,yes,no,yes,no,yes,no,yes,no
4395,83.77306772633219,-5.464573746609688,4.990939010320079,0.2962166101460421,9.53514289855957,yes,no,yes,no,yes,no,yes,no
4395,83.91988603023832,-5.451775499975391,6.8945475301766,0.25581029658489784,22.729297637939453,yes,no,no,no,no,no,yes,no
4395,83.81047439286648,-5.441865238356134,2.842677927395936,0.1565713362444155,7.270383358001709,no,no,yes,no,no,no,no,no
4395,83.8274418256829,-5.44017336775054,2.734302129351919,0.12770611337983617,15.240399360656738,no,no,yes,no,no,no,yes,no
4395,83.81424211157882,-5.4331498547589145,2.290286999798332,0.04734346876140981,59.63742446899414,yes,no,no,no,no,no,no,no
4395,83.72943435108206,-5.424851227445207,5.655775849444486,0.10933170453513742,64.0484619140625,yes,no,yes,no,yes,no,yes,no
4395,83.75056649489021,-5.421136476800231,4.391075870093171,0.046900133730076635,177.33580017089844,yes,yes,no,no,no,no,no,no
4395,83.79818023395089,-5.413313395186825,1.662851123702774,0.01992106699657512,248.63720703125,no,no,no,no,no,no,no,no
4395,83.73386465651944,-5.482136959906091,7.294340494024955,0.21239147874577535,22.636016845703125,yes,no,yes,no,no,no,yes,no
4395,83.85516177343581,-5.555627428036899,9.85342990087313,0.3175897395537124,33.012062072753906,yes,yes,no,no,yes,no,yes,no
4395,83.81912819600716,-5.421515764878875,1.571867355683845,0.07097783690260986,15.812366485595703,yes,no,no,no,no,no,no,no
4395,83.85185336636695,-5.400235856631201,1.963710956607417,0.07389366349979026,11.117162704467773,yes,no,no,no,no,no,no,no
4395,83.79883059498712,-5.394528699145906,1.226757451903763,0.02704189327354217,71.71880340576172,yes,no,no,no,no,no,no,no
4395,83.82289518951187,-5.306196236106522,5.351548421111995,0.05618914739256036,105.00374603271484,no,no,yes,no,no,no,no,no
4395,83.74714042958826,-5.392431739183884,4.316996993055517,0.12899619498543963,10.307849884033203,yes,no,yes,no,yes,no,yes,no
4395,83.7725133277499,-5.404214129458897,2.848309804723594,0.0952753903167672,9.50756549835205,yes,no,yes,no,yes,no,yes,no
4395,83.81174930723638,-5.401835970358972,0.59929129051787,0.0588618015844241,14.188941955566406,no,no,no,no,no,no,no,no
4395,83.8204790840753,-5.452377238063273,3.424160467441052,0.17271072575736088,13.174765586853027,yes,no,yes,no,no,no,yes,no
4395,83.73651034251263,-5.443671315387328,5.736045746161841,0.23986101305998828,21.502941131591797,yes,no,yes,no,yes,no,yes,no
4395,83.79542005385183,-5.37951502440727,1.715476518649309,0.04470893633933535,58.550655364990234,yes,no,no,no,no,no,yes,no
4395,83.7734898752007,-5.422067855612793,3.174997042876512,0.012495161230443174,963.6925048828125,yes,yes,no,no,no,no,no,no
4395,83.80964236190242,-5.38558121386621,0.8232724705478591,0.012243036077870542,186.43724060058594,no,no,no,no,no,no,no,no
4395,83.84568948429703,-5.378165140587095,1.880014250755491,0.0718931503721263,27.621002197265625,yes,no,yes,no,yes,no,yes,no
4395,83.84033851716279,-5.363028100941551,2.307663473097627,0.02044349223536429,161.23876953125,yes,no,no,no,no,no,no,no
4395,83.8337211601125,-5.333028929499913,3.834702568965382,0.08055150495733622,27.716259002685547,yes,no,yes,no,no,no,yes,no
4395,83.85295087727897,-5.277956163173115,7.322243425345422,0.23261934034804665,23.6912841796875,no,no,no,no,no,no,yes,no
4395,83.78551303238127,-5.411512986006669,2.242733410730539,0.0,19.786697387695312,yes,yes,no,no,no,no,yes,yes
4395,83.78572952970433,-5.411156613445935,2.221856845930408,0.057982861624216286,38.650718688964844,yes,no,no,no,no,no,no,no
4395,83.9278936702526,-5.429002126101161,6.79114246209444,0.2105561810602881,35.4431266784668,yes,no,yes,no,yes,no,no,no
4395,83.85596013780511,-5.364273326464041,2.87261005481944,0.03656222766184884,93.55519104003906,yes,no,no,no,no,no,no,no
4395,83.78372776193035,-5.506078740815902,6.977921233706464,0.669490328955403,5.151356220245361,yes,no,yes,no,no,no,yes,no
4396,83.78342571280876,-5.545571461922744,9.275102000433069,0.13395793332703088,129.343017578125,yes,no,yes,no,yes,no,yes,no
4396,83.72575605401863,-5.481663940621216,7.607729730167274,0.05576062722005819,359.6822814941406,yes,yes,no,no,no,no,no,no
4396,83.88081609969555,-5.471110283570246,5.879153336469654,0.11030861680653882,82.5829086303711,yes,no,no,no,yes,no,no,no
4396,83.84711476634061,-5.469446599173423,4.774421992623472,0.020715902173904798,537.9236450195312,yes,no,no,no,no,no,no,no
4396,83.78581156477159,-5.438712442579937,3.277335215261797,0.07431293151871889,37.571258544921875,yes,no,yes,no,yes,no,yes,no
4396,83.85366740021557,-5.419444929550767,2.547266352429803,0.03878390561593129,62.98556900024414,yes,no,no,no,no,no,no,no
4396,83.81170898986069,-5.4018349276423985,0.5864941528789149,0.045328494912884765,17.40873146057129,no,no,no,no,no,no,no,no
4396,83.78429170844892,-5.400852783833197,2.088855719119028,0.026510406750474162,111.17755126953125,yes,no,no,no,no,no,no,no
4396,83.79776365581027,-5.397725187220693,1.265114569948423,0.03470625791293599,53.11187744140625,yes,no,no,no,no,no,no,no
4396,83.88015443425812,-5.394391961239896,3.666913110067493,0.023582986901024398,325.2201843261719,yes,no,no,no,no,no,no,no
4396,83.84851042286898,-5.392155364345501,1.784909822533766,0.008347310049080814,691.7511596679688,yes,no,no,no,no,no,no,no
4396,83.80539864947548,-5.377487491133733,1.321987755378998,0.03396574678388361,31.81134033203125,no,no,no,no,no,no,no,no
4396,83.78028139254194,-5.374009575402649,2.622777717280322,0.014074922996426105,375.9371032714844,yes,no,no,no,no,no,no,no
4396,83.73720242174576,-5.368397297527008,5.128123297411475,0.07376516778252046,52.244598388671875,yes,no,no,no,no,no,yes,no
4396,83.8050301677892,-5.3479175531495144,2.944296561321436,0.03584668049336703,60.184226989746094,yes,no,no,no,no,no,no,no
4396,83.79241393208095,-5.339114586969588,3.706752603081585,0.06520436709911819,26.405664443969727,yes,no,no,no,no,no,no,no
4396,83.86041896625818,-5.321862156191332,5.046773534003155,0.10979908607300966,49.535308837890625,no,no,yes,no,no,no,yes,no
4396,83.74174662482915,-5.293765551604542,7.622246929420521,0.07816164332788891,125.8489761352539,yes,no,yes,no,no,no,yes,no
4396,83.88027454586718,-5.371043829827197,3.946071918683833,0.19211412551301,13.759687423706055,no,no,no,no,no,no,no,no
4396,83.86893479351767,-5.41792672585681,3.296026618163982,0.03735608074005288,123.73040771484375,yes,no,no,no,no,no,yes,no
4396,83.84202361906611,-5.409066089930289,1.623916550943444,0.06461375579296709,22.13163948059082,yes,no,no,no,no,no,no,no
4396,83.78635363059584,-5.382363871199994,2.08052321874963,0.023221868719140348,119.17450714111328,yes,no,no,no,no,no,no,no
4396,83.83597451289269,-5.379270305245702,1.397057827657882,0.031225043818191956,38.97174072265625,yes,no,no,no,no,no,no,no
4396,83.77055948156776,-5.352570879156141,3.84556658263396,0.06407449240276655,65.1175308227539,yes,no,no,no,no,no,yes,no
4396,83.80593800665437,-5.35196108012292,2.696228909307069,0.022820840106800373,125.72334289550781,yes,no,no,no,no,no,no,no
4396,83.80568443013716,-5.347570961700105,2.953689768170616,0.042653194552065204,30.418994903564453,yes,no,no,no,no,no,no,no
4396,83.85249286991568,-5.325884913956842,4.612665166591483,0.09265791276203872,27.26624298095703,no,no,yes,no,no,no,yes,no
4396,83.80650402355603,-5.295973834929554,5.989191247155092,0.056630823709900996,96.24101257324219,no,no,no,no,no,no,no,no
4396,83.70322171560316,-5.318774410952767,8.281786500478692,0.23009272199696199,38.30305099487305,yes,no,no,no,yes,no,yes,no
4396,83.99056713779443,-5.386067950462752,10.2763149332931,0.0,18.015676498413086,yes,yes,no,no,no,no,yes,yes
4396,83.89653798924012,-5.329559006417388,6.084355122133589,0.47826200995494356,4.421829700469971,no,no,yes,no,no,no,yes,no
4396,83.82737685341694,-5.4401863244016955,2.756908070377616,0.08932067842183933,12.812582015991211,no,no,no,no,no,no,yes,no
4396,83.81692216359788,-5.343351878712486,3.103473837707616,0.016226974459479473,273.7853698730469,yes,no,no,no,no,no,no,no
4396,83.84384802031717,-5.330839803421991,4.133260585461694,0.07686388948222646,44.871185302734375,no,no,no,no,no,no,no,no
4396,83.77311634056444,-5.322499669300068,5.13649911336643,0.13440103457800248,16.476579666137695,yes,no,no,no,no,no,yes,no
4396,83.82368654276527,-5.414957138019202,1.230359469361177,0.041687813966713776,37.99014663696289,yes,no,no,no,no,no,no,no
4396,83.8769954998284,-5.406356881062339,3.543594153739632,0.016553013931470604,482.3014221191406,yes,no,no,no,no,no,no,no
4396,83.85594034838385,-5.392520344443878,2.225454018567294,0.08812853594899096,14.293885231018066,yes,no,yes,no,yes,no,no,no
4396,83.76816470020906,-5.38709904239937,3.060287327247368,0.032693809084161106,153.78970336914062,yes,no,no,no,no,no,no,no
4396,83.67029269783885,-5.378365062108999,8.925619683767444,0.10396188388971436,150.38858032226562,yes,yes,no,no,yes,no,yes,no
4396,83.77569744162633,-5.370078940952434,2.977249940078612,0.02406986788493906,203.0054168701172,no,no,no,no,no,no,no,no
4396,83.83458817060237,-5.332681415667014,3.859196870610368,0.0898994807621037,20.13910675048828,yes,no,yes,no,no,no,yes,no
4396,83.76459225597333,-5.346269451112279,4.363334818053234,0.1871331640018333,13.424933433532715,no,no,yes,no,no,no,no,no
4396,83.81517131835052,-5.302493089834663,5.557197476257401,0.2071692107311231,8.494311332702637,no,no,yes,no,no,no,yes,no
4396,83.86034039265684,-5.395782617509867,2.483520855945469,0.034796955652412795,82.11577606201172,yes,no,no,no,no,no,no,no
4396,83.82452618138471,-5.309716890425315,5.131139624721902,0.02911090796435502,314.3388671875,no,no,no,no,no,no,no,no
4396,83.80235984691613,-5.383814405384282,1.189514567352657,0.04098161452652269,19.511695861816406,no,no,no,no,no,no,no,no
4396,83.84720532562163,-5.357013822096038,2.844591993681564,0.02778550213235381,106.36729431152344,yes,no,no,no,no,no,no,no
4396,83.84802479186745,-5.315803862689607,5.065396920821247,0.02725360726088418,327.7644958496094,yes,no,no,no,no,no,no,no
4396,83.83403837181082,-5.38565875615151,1.071833446843979,0.036789384685380615,27.283676147460938,no,no,no,no,no,no,no,no
4396,83.86928285726898,-5.364931925117481,3.516919297162917,0.15116188931383512,7.220743656158447,no,no,yes,no,no,no,yes,no
4396,83.77706432311106,-5.289526887594626,6.803625946055573,0.1263129448196134,48.93837356567383,yes,no,yes,no,no,no,yes,no
4396,83.8166350563513,-5.3526750742442495,2.545316185555603,0.017341914701967193,185.25701904296875,yes,no,no,no,no,no,no,no
4396,83.802308701933,-5.27581530000999,7.220985795004837,0.09914519079884103,86.28762817382812,yes,no,yes,no,no,no,no,no
4396,83.82107770732377,-5.482801221720121,5.267254734409459,0.09543257373436,59.476707458496094,yes,no,no,no,yes,no,yes,no
4396,83.81748740280833,-5.415584308463467,1.234819310575284,0.03548038416144754,52.67749786376953,no,no,no,no,no,no,no,no
4396,83.74074021407299,-5.380850041895004,4.738308760431156,0.04182958477271538,126.96326446533203,yes,no,no,no,no,no,no,no
4396,84.08863854663592,-5.337623154585183,16.4851249930814,0.3669922867723248,69.43562316894531,yes,no,no,no,no,no,no,no
4396,83.85527377905694,-5.259803303091898,8.4023442679104,0.4305235833369523,9.466497421264648,no,no,yes,no,yes,yes,yes,no
4396,83.83040246032566,-5.335455963176361,3.642157835394196,0.0219222547394143,228.6757049560547,yes,no,no,no,no,no,no,no
4396,83.76875170961922,-5.43451081114915,3.812377690242595,0.035305350210205734,160.04830932617188,yes,no,no,no,no,no,no,no
4396,83.76954816919493,-5.409949172053432,3.073243867366179,0.022814715657812464,289.5817565917969,yes,no,no,no,no,no,no,no
4396,83.78455337604572,-5.409657447010663,2.224063136819722,0.05050300602720313,33.78166580200195,yes,no,no,no,no,no,yes,no
4396,83.82194597583967,-5.406637566887659,0.7210254917845629,0.05804899937373876,12.674150466918945,yes,no,no,no,no,no,no,no
4396,83.78554885201892,-5.421618750767424,2.545674226781268,0.11317627751307435,13.600103378295898,yes,no,yes,no,yes,no,yes,no
4396,83.82054150035184,-5.5461754564599675,9.068522904897252,0.16202175351047043,93.76834869384766,no,no,yes,no,no,no,no,no
4396,83.85270804766286,-5.378459327866219,2.258286601109803,0.0818554151277423,24.259780883789062,yes,no,yes,no,no,no,yes,no
4396,83.82424069512189,-5.372110402427347,1.414259805024868,0.09587256274009114,3.172677755355835,no,no,yes,no,no,no,no,no
3752,29.515943793995323,37.686994373285614,7.156019723954689,0.2644170873305153,28.561141967773438,yes,no,no,no,no,no,no,no
3752,29.33630527063834,37.861859480166224,6.392697911843894,0.24131547918412258,14.022164344787598,yes,yes,no,no,yes,no,yes,no
11011,66.7228862210992,26.115065756221668,2.50253924110376,0.02719170690392615,193.05996704101562,yes,no,no,no,yes,no,no,no
12355,83.98769179437323,-6.784613001085684,5.410260021639989,0.07386948730990707,163.98794555664062,yes,no,no,no,no,no,yes,no
12355,83.94723896906122,-6.486308675242241,13.78211200155668,0.4437947536262541,51.85324478149414,yes,no,no,no,no,no,no,no
12392,92.70067076518636,-6.190421414295687,0.9155883032604205,0.06515304527559196,20.710477828979492,yes,no,no,no,no,no,yes,no
12392,92.62773176589289,-6.093864470856939,8.149426651574721,0.18665014464831314,75.24034118652344,yes,no,no,no,no,no,yes,no
12392,92.75496061724726,-6.238255326923978,3.412057566611644,0.03881992615488881,178.09295654296875,yes,no,no,no,no,no,yes,no
12392,92.5535330030658,-6.1397330204111,10.130751608673,0.4338280336011532,26.606494903564453,no,no,no,yes,no,no,yes,no
14436,289.1857060673312,-16.13822951392736,3.623425877012752,0.21009663554572466,8.556451797485352,no,no,no,no,no,no,yes,no
17252,56.5981024422918,24.03061687871242,5.469969424070722,0.16936790483095493,36.43003463745117,yes,no,no,no,no,no,no,no
17252,56.60604420690998,24.1598264044668,7.516788800904822,0.09033622398753428,211.1034698486328,yes,no,no,no,no,no,no,no
17735,83.78997093220674,-5.472955683714199,5.336000225860319,0.08701192114454326,99.33053588867188,yes,no,no,no,no,no,yes,no
17735,83.85185449126428,-5.441995748916968,3.5490068525625,0.015300022806536738,765.9227294921875,yes,no,no,no,no,no,no,no
17735,83.86427657667622,-5.441082414969763,3.920473434420901,0.022313597612268164,635.371337890625,yes,no,no,no,no,no,no,no
17735,83.80919860282133,-5.436827546130316,2.909666744302231,0.051004828273682086,69.05298614501953,no,no,no,no,no,no,no,no
17735,83.78448945364093,-5.409618488695038,2.573688592071761,0.04187217142465035,68.97069549560547,yes,no,no,no,no,no,no,no
17735,83.82645330699191,-5.4073560012970345,1.043821565308253,0.0814570096693383,10.343632698059082,yes,no,no,no,no,no,no,no
17735,83.80861946540277,-5.376731820186813,1.182299736099119,0.018989293033522016,117.94564056396484,yes,no,no,no,no,no,no,no
17735,83.81188172302777,-5.375370095920986,1.114297746354219,0.012414383213912231,248.81692504882812,yes,no,no,no,no,no,no,no
17735,83.83313372534502,-5.364949635835702,1.638396215892958,0.028357992629107355,87.66631317138672,no,no,no,no,no,no,no,no
17735,83.8233184267336,-5.364880899360208,1.525861920154829,0.022780302610155834,120.86572265625,no,no,no,no,no,no,no,no
17735,83.85587200390984,-5.364257967284081,2.511523923502902,0.021425139659173743,335.28460693359375,yes,no,no,no,no,no,no,no
17735,83.83679181844586,-5.353676908948062,2.348060635696487,0.07215447376055488,22.38805389404297,no,no,no,no,no,no,no,no
17735,83.8338333903578,-5.221030884175531,10.17745557374858,0.07578779339491146,302.0545959472656,yes,no,no,no,no,no,no,no
17735,83.93674089987636,-5.409481482211702,6.893022415032759,0.22561410242435742,38.80275344848633,yes,no,yes,no,yes,no,yes,no
17735,83.8228107743317,-5.3436302243601705,2.800769755494589,0.11983795643496306,6.880227088928223,no,no,yes,no,no,no,no,no
17735,83.90857970342624,-5.340954983855595,5.909905018700544,0.18640538702459594,45.27310562133789,yes,no,yes,no,no,no,yes,no
17735,83.86031660138478,-5.298951863886542,5.918256200103921,0.25345841815103165,20.182147979736328,yes,no,yes,no,no,no,yes,no
17735,83.92690622567608,-5.459077035083765,7.454634886204468,0.1259375990746741,110.60411071777344,yes,no,no,no,no,no,yes,no
17735,83.77454430958426,-5.452459755409684,4.719116431829839,0.0980995365815315,73.37725067138672,yes,no,no,no,yes,no,yes,no
17735,83.82999572347414,-5.380679054094816,0.7143892861010406,0.013660086471775202,278.0431213378906,yes,no,no,no,no,no,no,no
17735,83.89678759338213,-5.3571791840901914,4.837296300072555,0.08515380017389201,140.0906524658203,yes,no,no,no,no,no,no,no
17735,83.80590124432082,-5.351982443103,2.515369881819106,0.10074353275509407,12.630656242370605,yes,no,yes,no,no,no,yes,no
17735,83.82623675948068,-5.5282188344659975,8.276871258580538,0.14865777640172884,99.51758575439453,yes,no,no,no,no,no,no,no
17735,83.80903575454477,-5.4390036351922815,3.037784278911849,0.12579719392744695,10.83777141571045,no,no,no,no,no,no,no,no
17735,83.80737387477653,-5.323665910002483,4.105629512494255,0.19750607435815787,11.519126892089844,yes,no,yes,no,yes,no,yes,no
17735,83.81200550774848,-5.373677991143469,1.193416160441112,0.018417015680939786,117.99342346191406,yes,no,no,no,no,no,no,no
17735,83.82634089789002,-5.401282573299452,0.688606295260745,0.06114944243334424,13.642693519592285,yes,no,no,no,no,no,no,no
17735,83.83074863954282,-5.428241610938552,2.322953375282598,0.11018282994171441,9.066420555114746,no,no,no,no,no,no,no,no
17735,83.7662964460433,-5.484164651467235,6.570231078626771,0.08696038793708709,127.0556411743164,yes,yes,no,no,no,no,no,no
17735,83.85045808104319,-5.36535808294854,2.222346102843017,0.09010552628280305,19.24509048461914,yes,no,no,no,no,no,no,no
17735,83.8045424880285,-5.353642404293397,2.459872436443947,0.06663022867702251,38.84061050415039,yes,no,no,no,no,no,no,no
17735,83.78074440066797,-5.374641053438972,2.691486566530429,0.0970610167454059,20.577922821044922,yes,no,no,no,no,no,yes,no
17735,83.81494846379547,-5.357417229045116,2.030779504017125,0.08741839721985802,14.082006454467773,no,no,no,no,no,no,no,no
17735,83.88236659569269,-5.492679335646174,7.093362297397084,0.16891298547223002,60.31058120727539,yes,no,no,no,no,no,no,no
17735,83.82765415361892,-5.318195664839569,4.335893256502668,0.17395341926951993,10.670019149780273,no,no,no,no,no,no,no,no
18926,81.28140512220332,1.5734904575372828,0.1536918233522602,0.021991523190883346,252.59190368652344,yes,no,no,no,no,no,no,no
7461,265.15619951068004,-53.696505237101185,1.575880945395213,0.06638440370966946,25.525922775268555,yes,no,no,no,no,no,no,no
19014,287.798877602924,-60.00448596119664,2.55027515210927,0.16442652867850388,10.131978034973145,yes,no,yes,no,no,no,no,no
2735,6.093815365830667,-72.07330536737834,0.781276106335632,0.09192912946260529,7.060482501983643,yes,no,no,no,no,no,no,no
2736,6.044181529897609,-72.09145857546343,0.6434329183312555,0.07898673857221736,8.850432395935059,no,no,no,no,no,no,no,no
2736,6.004059211895325,-72.08149492043883,1.267571972940766,0.013525539931126021,286.6405334472656,no,no,no,no,no,no,no,no
2737,6.004099748027287,-72.08148636696356,1.277940016344859,0.013095920957229504,331.6683654785156,no,no,no,no,no,no,no,no
2737,6.046226022301075,-72.0789182250423,0.6165218665306067,0.05368918826756105,29.22388458251953,yes,no,no,no,no,no,no,no
2737,6.026671014435073,-72.07864174623609,0.9323023517872278,0.022792175918832855,112.36302947998047,yes,no,yes,no,no,no,no,no
2738,6.004044612052963,-72.08147858782534,1.252740748811235,0.009584236278388494,548.2894897460938,no,no,no,no,no,no,no,no
1967,83.86438184073045,-69.31301216100954,2.537897551376135,0.09551131818196731,14.621045112609863,yes,no,yes,no,no,no,no,yes
4613,35.60978901208967,42.30922234270746,1.170967663955939,0.03747461672874492,72.99937438964844,no,yes,no,no,no,no,no,yes
4613,35.600023484411096,42.254360044331705,4.439704741626682,0.13483685972048148,33.65553665161133,yes,yes,no,no,no,no,no,yes
7569,95.22480660868158,-62.38772094147701,4.448650938548533,0.11563830894857266,59.27106857299805,yes,yes,yes,no,no,no,yes,no
9100,16.443171562603904,-72.04340244470072,3.653400908787032,0.17262400722094437,17.94655990600586,yes,yes,yes,no,yes,no,no,yes
18019,77.03561467330167,-68.67986406345386,5.345802422046486,0.4945698998235117,5.420764923095703,yes,no,yes,no,no,no,no,no
794,35.688801222494504,42.28550760401783,5.653360570742712,0.1601086295990838,35.983821868896484,yes,yes,yes,no,no,no,yes,no
3931,11.879099328138713,-25.307281352379118,1.269194231538156,0.02471161947366601,94.7003173828125,yes,no,no,no,no,no,no,no
6383,23.198580540177836,30.78630672097484,8.204598095684538,0.48942882462665144,12.29741382598877,yes,no,no,no,no,no,yes,yes
6385,23.153791854139957,30.5410729476264,11.13992193325677,0.18217903707670371,110.634033203125,no,no,no,no,no,no,no,no
12238,13.753917529402537,-37.57795187994043,4.6665369726621,0.29438608927217474,12.362852096557617,yes,no,no,no,no,no,yes,yes
20343,11.823518804724339,-25.307579948910398,3.817779789497453,0.03695317082568798,137.55320739746094,no,no,no,no,no,no,no,no
20343,11.883566381254015,-25.289459034537387,0.4110204695755267,0.02627626282432302,63.832298278808594,no,no,no,no,no,no,no,no
20343,11.823231108062151,-25.303280898490748,3.749011672775092,0.02080119365452974,422.27276611328125,no,no,no,no,no,no,no,no
3419,63.70114272810614,5.51592512094922,4.150298825316614,0.03738538854868948,428.088134765625,yes,no,no,no,no,no,no,no
22096,19.786124690556584,-34.19178231860669,0.1993806977379843,0.042544243545668485,108.51840209960938,yes,yes,no,no,no,no,no,no
3184,104.37588714426798,-55.98378038932979,6.503589810079358,0.3182210178630957,17.03316307067871,yes,no,no,no,no,yes,no,no
5356,104.76282293021819,-55.916315352496746,4.690399431010136,0.16152925071119442,37.65402603149414,yes,no,no,no,no,no,no,no
7367,338.83977917351734,-25.988324893846666,2.722264115044328,0.171148756285146,7.508005619049072,no,no,yes,no,no,no,yes,no
9382,292.92796253354874,-26.59326271837175,1.623277364265402,0.05286718641465735,48.3692626953125,yes,no,no,no,no,no,no,no
11715,49.905121910329854,41.308325693574815,6.741858386106683,0.18967070574040615,22.303241729736328,yes,no,no,no,no,no,no,no
11737,338.08107952952236,39.39714704195689,12.55949904650066,0.9000069135432245,14.959053039550781,yes,no,no,no,no,no,no,no
11744,355.74445762616574,-55.412487136517235,4.859091185760956,0.09217229148916972,79.22000885009766,yes,no,no,no,no,no,no,no
11752,301.86325068275363,-48.30166080904543,5.134788658707338,0.30482759110794494,9.360879898071289,yes,no,no,no,no,no,no,no
13445,15.524483995558105,-22.12825471150584,3.800040792644774,0.12146686508306122,25.493253707885742,no,no,yes,no,no,no,no,no
13454,15.935693730603868,-21.812706512890927,7.384355051185367,0.32639995393184523,16.7299747467041,no,no,no,no,no,no,no,no
13456,15.609565255559803,-22.16257247487922,1.757024263338649,0.05995568527223982,51.084320068359375,yes,no,no,no,no,no,no,no
13493,9.417022119184928,-50.809572830419235,4.235661051693977,0.2527474376722895,8.43392562866211,yes,no,no,no,no,no,yes,no
14361,351.73925096659707,-2.120085354569878,7.885173571873738,0.3833648366811431,13.723236083984375,yes,yes,no,no,no,no,no,no
14347,16.03707547958972,-22.266424475589755,7.098178858487303,0.0774652044519802,222.70262145996094,yes,no,no,no,no,no,yes,no
15093,11.047428415283038,-20.542640329889426,0.7808271617714851,0.0847517539042436,14.857664108276367,no,no,no,no,no,no,yes,no
16135,356.1255079525603,-42.74859397615461,5.830714132178736,0.43299412432250717,7.465997219085693,no,yes,yes,no,no,no,no,no
16230,328.58780957439217,-0.8099426934967943,4.168604484618867,0.2543432805927367,12.033071517944336,yes,no,no,no,yes,no,yes,no
16231,54.642483387757785,-35.7248334005952,9.450034446964825,0.5662682362038612,16.67255401611328,no,yes,yes,no,no,no,no,no
20635,356.26458918615276,-42.64493274396772,3.144367640676147,0.06971504260865254,61.822425842285156,no,no,no,no,no,no,no,no
21549,346.8172619788118,-51.32608577777573,5.893473805972456,0.3488859387707644,12.362960815429688,no,no,yes,no,no,no,no,no
2312,53.17510600574138,-27.95067224760876,8.928002149129382,0.3438017412384165,22.22372055053711,yes,yes,yes,no,yes,no,yes,no
2313,53.209288286835836,-27.88115842659927,6.505348342636242,0.30829223947784784,19.675207138061523,no,yes,yes,no,no,no,no,no
5885,318.12659932619124,-63.498980265363635,3.672088050535557,0.2106421106175894,8.786419868469238,no,no,no,no,no,no,no,no
8035,334.44659432775154,0.2799970002657671,3.063363586575004,0.097996894548234,29.112524032592773,yes,no,yes,no,yes,no,yes,no
9575,53.17516875288684,-27.950564237226416,8.917426229492694,0.478921445837282,10.976614952087402,yes,yes,yes,no,yes,no,yes,no
15193,352.7475017814355,39.3708628505173,8.298409906024325,0.5613017108135707,8.972217559814453,yes,no,no,no,no,no,no,no
16177,53.17537871277871,-27.950470868735184,8.971118651855642,0.34545704675597155,33.50204849243164,yes,yes,yes,no,no,no,yes,no
16450,53.175454341551365,-27.95053468246654,8.933135523444438,0.39899349705807513,23.35304832458496,yes,yes,yes,no,no,no,yes,no
16453,53.07676215957398,-27.87361180501693,4.281364764308791,0.11996669903160279,45.725914001464844,no,no,no,no,no,no,no,no
16455,53.17522612110254,-27.950179999840685,9.05275770137473,0.5671152776143734,12.248106956481934,yes,yes,yes,no,yes,no,yes,no
17677,53.20669312914344,-27.91514546670629,7.874308586797645,0.47038357583408724,24.298931121826172,yes,yes,yes,no,yes,no,yes,no
16202,84.89846380879817,-69.07731159799346,4.778734269118167,0.2388079527175273,10.93106460571289,yes,no,yes,no,no,no,no,no
